{"cameraMode":{"drawMode":0,"name":"Shaded","section":"Shading Mode"},"sceneLighting":false,"audioPlay":false,"sceneViewState":{"m_AlwaysRefresh":false,"showFog":false,"showSkybox":true,"showFlares":false,"showImageEffects":true,"showParticleSystems":false,"showVisualEffectGraphs":true,"m_FxEnabled":true},"in2DMode":false,"pivot":{"x":5.3049421310424809,"y":5.319475173950195,"z":0.5572218894958496},"rotation":{"x":0.13437028229236604,"y":-0.21229390799999238,"z":0.029478108510375024,"w":0.9675028920173645},"size":5.937920093536377,"orthographic":true}