{"cameraMode":{"drawMode":0,"name":"Shaded","section":"Shading Mode"},"sceneLighting":false,"audioPlay":false,"sceneViewState":{"m_AlwaysRefresh":false,"showFog":false,"showSkybox":false,"showFlares":false,"showImageEffects":true,"showParticleSystems":false,"showVisualEffectGraphs":true,"m_FxEnabled":true},"in2DMode":false,"pivot":{"x":-0.48168277740478518,"y":-0.11781531572341919,"z":0.3841763734817505},"rotation":{"x":0.15607604384422303,"y":0.37420541048049929,"z":-0.06401392072439194,"w":0.9119018316268921},"size":1.0661168098449708,"orthographic":false}