{"cameraMode":{"drawMode":0,"name":"Shaded","section":"Shading Mode"},"sceneLighting":false,"audioPlay":false,"sceneViewState":{"m_AlwaysRefresh":false,"showFog":true,"showSkybox":false,"showFlares":true,"showImageEffects":true,"showParticleSystems":true,"showVisualEffectGraphs":true,"m_FxEnabled":true},"in2DMode":false,"pivot":{"x":-0.27233007550239565,"y":0.8775120973587036,"z":0.2791508436203003},"rotation":{"x":0.1342696249485016,"y":-0.41542690992355349,"z":0.06214817240834236,"w":0.8975141644477844},"size":1.1380904912948609,"orthographic":true}