{"cameraMode":{"drawMode":0,"name":"Shaded","section":"Shading Mode"},"sceneLighting":false,"audioPlay":false,"sceneViewState":{"m_AlwaysRefresh":false,"showFog":true,"showSkybox":false,"showFlares":true,"showImageEffects":true,"showParticleSystems":true,"showVisualEffectGraphs":true,"m_FxEnabled":true},"in2DMode":false,"pivot":{"x":2.2018046379089357,"y":2.1877686977386476,"z":2.197268009185791},"rotation":{"x":0.10310689359903336,"y":-0.8896037340164185,"z":0.24850329756736756,"w":0.36910927295684817},"size":2.361189842224121,"orthographic":true}