{"cameraMode":{"drawMode":0,"name":"Shaded","section":"Shading Mode"},"sceneLighting":false,"audioPlay":false,"sceneViewState":{"m_AlwaysRefresh":false,"showFog":false,"showSkybox":false,"showFlares":false,"showImageEffects":true,"showParticleSystems":false,"showVisualEffectGraphs":true,"m_FxEnabled":true},"in2DMode":false,"pivot":{"x":0.21831509470939637,"y":-1.0059688091278077,"z":-0.4190561771392822},"rotation":{"x":-0.003173119854182005,"y":-0.7090115547180176,"z":-0.003190833842381835,"w":0.7051873803138733},"size":1.2850444316864014,"orthographic":true}