{"cameraMode":{"drawMode":0,"name":"Shaded","section":"Shading Mode"},"sceneLighting":false,"audioPlay":false,"sceneViewState":{"m_AlwaysRefresh":false,"showFog":true,"showSkybox":false,"showFlares":true,"showImageEffects":true,"showParticleSystems":true,"showVisualEffectGraphs":true,"m_FxEnabled":true},"in2DMode":false,"pivot":{"x":-0.28560489416122439,"y":1.1805167198181153,"z":-0.20193934440612794},"rotation":{"x":-0.0011802923399955035,"y":-0.9985018968582153,"z":0.023968640714883806,"w":-0.04916967451572418},"size":2.6400203704833986,"orthographic":true}